{
  "cutoff": 3.5,
  "global_mean": 0.33185435273604236,
  "l": 6,
  "mean_per_atom": [
    0.33451486619174103,
    0.2826339738373521,
    0.5438774229252709,
    0.5329308226076408,
    0.24864565647103923,
    0.41869297411705775,
    0.33572714635881734,
    0.4381601306259397,
    0.3549522420590632,
    0.36750663635493414,
    0.44220190770926476,
    0.18980144224553877,
    0.6557388474570228,
    0.2566115646744508,
    0.3026777612743178,
    0.501678161282265,
    0.310167126069204,
    0.27896388562575747,
    0.45613135353909334,
    0.22731500888337583,
    0.3823960678348728,
    0.29419014345695504,
    0.2241255196296439,
    0.30124073055971784,
    0.26725324899292224,
    0.25231411230792633,
    0.22414458915620877,
    0.33005694715040845,
    0.39821104051077266,
    0.26002386584773546,
    0.24900235181319613,
    0.30431042054159424,
    0.47909703903947964,
    0.22451032550530853,
    0.2733959627565463,
    0.377731426736445,
    0.36339292105043525,
    0.2551679971760691,
    0.3104831748604605,
    0.2151940420887683,
    0.27826809015691745,
    0.3539131336461852,
    0.2499287845356799,
    0.32455540461296967,
    0.22813622653005017,
    0.40245450643584907,
    0.2637176053947671,
    0.31907053294745785,
    0.5775434159975785,
    0.5095577310262513,
    0.3305979781814906,
    0.3276326476619196,
    0.26112122754100925,
    0.2704991233540193,
    0.22350104568566076,
    0.3921425067113332,
    0.11634139086301995,
    0.2437468453125288,
    0.2312412013138821,
    0.354867842379212,
    0.36814891819207834,
    0.4742630710577326,
    0.4038534881093102,
    0.2684050001351961
  ],
  "mean_per_frame": [
    0.11629019462843643,
    0.11970622338992251,
    0.12780502698193763,
    0.14128557678275225,
    0.15453952057357295,
    0.16696213245869385,
    0.17763772474123907,
    0.1881736304552133,
    0.20004327009438155,
    0.20335366894189472,
    0.2074923854141206,
    0.21539379564468233,
    0.22453766078519824,
    0.23475735467964504,
    0.24757188168202882,
    0.249262944224158,
    0.2494475851793706,
    0.24921165614430857,
    0.2586618616192785,
    0.2633034385004154,
    0.27560885277694624,
    0.2863248376547012,
    0.28789008659346127,
    0.2911267551140837,
    0.2870491014504974,
    0.29981547443415457,
    0.29090145728985434,
    0.3053386246725046,
    0.29047997996311725,
    0.29703043463373147,
    0.30186916984652823,
    0.31153503841062136,
    0.3110495329497654,
    0.3060351015933449,
    0.31153252625923794,
    0.3197459734694995,
    0.3250183772700821,
    0.32986064928020575,
    0.3352427321863103,
    0.33030820816438966,
    0.3385478655264592,
    0.34824908232908924,
    0.34556249816496143,
    0.3445306265484602,
    0.35252474569205106,
    0.3608225575629429,
    0.36948196489318763,
    0.387307710966971,
    0.3974360964410931,
    0.3803255026140404,
    0.3697844401135789,
    0.37514621143159,
    0.33134259443561265,
    0.3366051710550625,
    0.3354370079068438,
    0.35701032819496303,
    0.3828220918240226,
    0.39078212467627726,
    0.4136500247129731,
    0.4071393049791905,
    0.4276009904928934,
    0.42151907569081626,
    0.4280025512249457,
    0.431387908403034,
    0.4370113479670047,
    0.4356424568365864,
    0.4401107156914501,
    0.4512268515143196,
    0.46299718566304404,
    0.44350886631056086,
    0.4749034223403348,
    0.4782115196486514,
    0.4833553786943529,
    0.48916232328305764,
    0.48095321866564783,
    0.480692205530838,
    0.4809411785737562,
    0.47021662423948307,
    0.4553820352060235,
    0.4618139659029319
  ]
}