{
  "qsm_dynamical_heterogeneity_alpha2_peak": 0.8570356720054209,
  "qsm_dynamical_heterogeneity_chi4_peak": 0.5971914036817882,
  "qsm_dynamical_heterogeneity_chi4_peak_cutoff": 0.2,
  "qsm_dynamical_heterogeneity_chi4_peak_lag": 2.0,
  "qsm_dynamical_heterogeneity_heterogeneity_score": 1.8849755377572033,
  "qsm_dynamical_heterogeneity_mobility_cv": 0.43074846206999423,
  "qsm_local_order_auc": 26.259296138617707,
  "qsm_local_order_final": 0.4618139659029319,
  "qsm_local_order_max": 0.48916232328305764,
  "qsm_local_order_mean": 0.33185435273604236,
  "qsm_local_order_min": 0.11629019462843643,
  "qsm_local_order_std": 0.09816671371310617,
  "qsm_mscope_chi4_auc": 1.863996195248556,
  "qsm_mscope_chi4_final": 0.018593750000000003,
  "qsm_mscope_chi4_max": 0.5971914036817882,
  "qsm_mscope_chi4_mean": 0.12709104632186335,
  "qsm_mscope_chi4_min": 0.0005708219836564651,
  "qsm_mscope_chi4_std": 0.19277889726633005,
  "qsm_mscope_cutoff_auc": 4.65,
  "qsm_mscope_cutoff_final": 0.5,
  "qsm_mscope_cutoff_max": 0.5,
  "qsm_mscope_cutoff_mean": 0.3333333333333333,
  "qsm_mscope_cutoff_min": 0.2,
  "qsm_mscope_cutoff_std": 0.12472191289246472,
  "qsm_mscope_lag_auc": 103.5,
  "qsm_mscope_lag_final": 20.0,
  "qsm_mscope_lag_max": 20.0,
  "qsm_mscope_lag_mean": 7.6,
  "qsm_mscope_lag_min": 1.0,
  "qsm_mscope_lag_std": 6.945502141674135,
  "qsm_mscope_overlap_auc": 5.459322692075857,
  "qsm_mscope_overlap_final": 0.0171875,
  "qsm_mscope_overlap_max": 0.9994066455696202,
  "qsm_mscope_overlap_mean": 0.394089999091977,
  "qsm_mscope_overlap_min": 0.00078125,
  "qsm_mscope_overlap_std": 0.39673213650886696,
  "qsm_msd_auc": 109.29044642670497,
  "qsm_msd_final": 9.287785106066579,
  "qsm_msd_max": 9.287785106066579,
  "qsm_msd_mean": 3.675301257410911,
  "qsm_msd_min": 0.0,
  "qsm_msd_std": 2.944662292687222,
  "qsm_non_gaussian_auc": 21.209784683391664,
  "qsm_non_gaussian_final": 0.6226602846581466,
  "qsm_non_gaussian_max": 0.8570356720054209,
  "qsm_non_gaussian_mean": 0.6942295105071205,
  "qsm_non_gaussian_min": 0.0,
  "qsm_non_gaussian_std": 0.14977473026063,
  "qsm_rdf_auc": 410.50416291357885,
  "qsm_rdf_final": 0.7308037575599706,
  "qsm_rdf_max": 14.851647745075251,
  "qsm_rdf_mean": 5.228692358311205,
  "qsm_rdf_min": 0.7308037575599706,
  "qsm_rdf_std": 3.127678292074406,
  "qsm_relaxation_tau_ps": 0.27932987342487636,
  "qsm_structure_dynamics_coupling_pearson_r": 0.16988049676549583,
  "qsm_structure_dynamics_coupling_spearman_r": 0.2635531135531135,
  "qsm_tcf_auc": 14.19521203968649,
  "qsm_tcf_final": -0.19518282160707476,
  "qsm_tcf_max": 1.0,
  "qsm_tcf_mean": 0.47089098802848256,
  "qsm_tcf_min": -0.19518282160707476,
  "qsm_tcf_std": 0.36854296807650055,
  "qsm_vacf_auc": 3.545667301939708,
  "qsm_vacf_final": -0.18438410875726702,
  "qsm_vacf_max": 1.0,
  "qsm_vacf_mean": 0.12753145959874437,
  "qsm_vacf_min": -0.1858648346741534,
  "qsm_vacf_std": 0.34372284994183244
}