{
  "lag=1": [
    0.08865839849281333,
    0.08906288443761502,
    0.09852040791294515,
    0.0900497864878903,
    0.08186666701565541,
    0.2644119837576005,
    0.10128280245862802,
    0.10244611529295132,
    0.08614941891787241,
    0.10645001384308471,
    0.21011963641305437,
    0.13707135407853382,
    0.07997501237912456,
    0.09240936506360145,
    0.07712850212877721,
    0.2630812525148733,
    0.1043360647508464,
    0.08132278309379572,
    0.1727851188309579,
    0.22842023539166442,
    0.19186754020904845,
    0.10236089734668728,
    0.1211072200194106,
    0.1210816794708829,
    0.1072297161312938,
    0.0883356757688289,
    0.08815223571052133,
    0.09618468356290585,
    0.11316596371463995,
    0.09241861943275986,
    0.07276910806325464,
    0.12012040075545387,
    0.1252702317060619,
    0.09460653188340412,
    0.08351930365461613,
    0.1037064996875671,
    0.1357395761345614,
    0.1008835940733801,
    0.1924279942301639,
    0.11977895726874259,
    0.12350969608030639,
    0.10737783221944838,
    0.17111222503862128,
    0.11056874532203072,
    0.10611554462899495,
    0.2551461723167584,
    0.09881082467597091,
    0.09748150236044154,
    0.22477334800337676,
    0.1110499213440591,
    0.101162443904361,
    0.09514414806616521,
    0.0971505630933838,
    0.10305919293399504,
    0.08749966033359241,
    0.20425734316734845,
    0.2638043910016856,
    0.104630453180946,
    0.08729919995904718,
    0.07955860143142822,
    0.11089121741842468,
    0.10084331790666196,
    0.12752486773302887,
    0.08536749723146123
  ],
  "lag=10": [
    0.7353516401392781,
    0.7992961151517324,
    0.8995176375928088,
    0.7409884468198376,
    0.6584737998728258,
    2.351224718914383,
    0.9319126687362431,
    0.9581866395709326,
    0.7426487724213358,
    0.9581577546954445,
    1.7786015384698726,
    1.3268233803925291,
    0.649986973368477,
    0.7800783077713374,
    0.5828481249831183,
    2.4375306621227995,
    0.9328369782353505,
    0.7410802876234875,
    1.4526388970930415,
    2.0174216417629665,
    1.6226541487907977,
    0.8905897404714603,
    1.0854183221532074,
    1.0974825510445243,
    0.9662151035781597,
    0.7911235010805069,
    0.7120640476851635,
    0.8499677890048146,
    1.0743892245053799,
    0.7539576813348482,
    0.5775447562802658,
    1.1093258201914034,
    1.145548814695245,
    0.7797821065206452,
    0.7344707252362517,
    0.858844392207473,
    1.3393213874628067,
    0.858904139612799,
    1.5373613102480719,
    1.1596957529217296,
    1.1734853441742044,
    0.9425193308921889,
    1.3328803222780798,
    1.0599762437097078,
    1.0149459731967965,
    2.2654386968151274,
    0.9232035013055474,
    0.8659265954825168,
    1.9282974462297768,
    1.0250758350659244,
    0.9318784545027169,
    0.8774970019504467,
    0.834942723961201,
    0.89029771745652,
    0.7717211112949542,
    1.7410766616013678,
    2.3671831750491235,
    0.9453513798466393,
    0.6409452977653637,
    0.6699475251830075,
    1.0388751029235037,
    0.8655457603751423,
    1.3087406112148883,
    0.7429243774848316
  ],
  "lag=20": [
    1.202719698461528,
    1.3934666986339495,
    1.6534934490704827,
    1.4781995766959772,
    0.9617869036052615,
    4.08465246693431,
    1.739082987381636,
    1.7492678636626628,
    1.2594451860523053,
    1.6301068085137784,
    3.149857174902501,
    2.6512344221875352,
    1.2215106096504114,
    1.5577133169439854,
    1.0318836672966982,
    4.5213358686733995,
    1.6493401644004477,
    1.4204822942730684,
    2.617184259828813,
    3.652418149104876,
    2.8957001638986615,
    1.5276961117406072,
    1.8028763729836537,
    2.0172069685097123,
    1.6464031662838978,
    1.4495494139149523,
    1.076025776355018,
    1.613686244485964,
    2.0412007951757705,
    1.2248966995313793,
    0.940265748721659,
    2.076546706063581,
    2.1918652638607847,
    1.3091910614059705,
    1.4588004733419475,
    1.3468307321734936,
    2.6555658750560984,
    1.3864533028320527,
    2.2034160938288414,
    2.3404923747821305,
    2.1946280229639896,
    1.6226948139747843,
    2.1205117169842977,
    2.0674968422879076,
    2.068031020837757,
    3.947152364015184,
    1.7814224304400184,
    1.5077401579885206,
    3.0696336170902345,
    1.8420049340825684,
    1.819861783265139,
    1.7318830486190204,
    1.4149354646396861,
    1.4421618752026817,
    1.3482705084967006,
    3.2384794087197823,
    4.649665142338581,
    1.674735012012043,
    0.9375237883766693,
    1.2726127802617422,
    2.0275558608906676,
    1.500929773001768,
    2.662201504511006,
    1.3612691059407658
  ],
  "lag=5": [
    0.4044010563752009,
    0.419953646323224,
    0.46743316103876575,
    0.4044199562305975,
    0.3681065150231576,
    1.2393551290025193,
    0.4838298636097974,
    0.493750847682186,
    0.39751968729050086,
    0.5058836170701249,
    0.9770967738519236,
    0.6723849801947775,
    0.3542901406902581,
    0.4250646840286796,
    0.33152763787575285,
    1.2620983811324065,
    0.49524626089626383,
    0.3787284860245491,
    0.7831383507759365,
    1.0706742915046614,
    0.874365837506759,
    0.4780540877675789,
    0.5757987919181307,
    0.5756609282058639,
    0.5090681836360357,
    0.4169052146217456,
    0.40010824175903414,
    0.4487389406480321,
    0.551781589995122,
    0.4211506901429401,
    0.3201054052442018,
    0.5767300577887281,
    0.5983086573342931,
    0.4364774625483203,
    0.38522330519255116,
    0.48313434968113467,
    0.6701656341063339,
    0.46870776501741107,
    0.8731293882329834,
    0.5842171273172883,
    0.5989681938695597,
    0.5054394949377279,
    0.7570842786638144,
    0.5343229686792521,
    0.5155791337494899,
    1.2029396899466833,
    0.4714816392453663,
    0.45842602243255326,
    1.0539452400650864,
    0.5348718672744067,
    0.481373507486453,
    0.4498225057612013,
    0.4518105211209834,
    0.4878253153017384,
    0.4111630257248491,
    0.9364348231324245,
    1.2440186240720785,
    0.49939092094367066,
    0.38034047367445956,
    0.36175646095216785,
    0.5291451452682513,
    0.4651477844571848,
    0.6421811410402964,
    0.3930039296335686
  ]
}