{
  "lag": [
    0,
    1,
    2,
    3,
    4,
    5,
    6,
    7,
    8,
    9,
    10,
    11,
    12,
    13,
    14,
    15,
    16,
    17,
    18,
    19,
    20,
    21,
    22,
    23,
    24,
    25,
    26,
    27,
    28,
    29,
    30
  ],
  "value": [
    0.0,
    0.020692240977037406,
    0.07930262678903406,
    0.17282485292263777,
    0.29837324287547184,
    0.45328353024692614,
    0.6351781405952327,
    0.8419387125228338,
    1.0713387001549917,
    1.3217565309187354,
    1.5911030661698897,
    1.8779766653333099,
    2.1806764189273347,
    2.4980258864366935,
    2.8288095109689344,
    3.1722324311198773,
    3.527819428556467,
    3.894790947966592,
    4.272035896096154,
    4.658478499454297,
    5.05289177318914,
    5.4547856350247645,
    5.863773841109426,
    6.278008537522765,
    6.6967717458322795,
    7.119821544413272,
    7.546966945897787,
    7.977597718284017,
    8.411089003621884,
    8.848209799743882,
    9.287785106066579
  ]
}