{
  "alpha2": [
    0.0,
    0.8570356720054209,
    0.8488207356908459,
    0.8398683732975025,
    0.8326324182612574,
    0.8255867041610867,
    0.8190084480498665,
    0.8112424345701761,
    0.8015661901230264,
    0.7897295117741534,
    0.7755368049108224,
    0.7602226641786232,
    0.7444942230277773,
    0.7284794765807079,
    0.7122607969319885,
    0.6975241993364021,
    0.6845508266083886,
    0.6735344339516369,
    0.6643021102406146,
    0.6564580436241734,
    0.6498553381181305,
    0.6450458573805806,
    0.6418448992220627,
    0.6397844045847694,
    0.6381788614744381,
    0.6366831646102726,
    0.6350269745559562,
    0.6327427532714363,
    0.6298916692146668,
    0.6265465513058046,
    0.6226602846581466
  ],
  "lag": [
    0,
    1,
    2,
    3,
    4,
    5,
    6,
    7,
    8,
    9,
    10,
    11,
    12,
    13,
    14,
    15,
    16,
    17,
    18,
    19,
    20,
    21,
    22,
    23,
    24,
    25,
    26,
    27,
    28,
    29,
    30
  ]
}