{
  "g_r": [
    14.851647745075251,
    3.3003661655722785,
    3.564395458818061,
    3.3340433713434234,
    4.217134544897911,
    7.8554169891307115,
    8.436438955782391,
    9.57106188015961,
    7.965416610680498,
    8.063498498711219,
    7.072213211940597,
    8.169810007215307,
    7.817907373007614,
    9.126938531952966,
    9.024009509790075,
    10.833512038811396,
    10.419337811971985,
    9.080721764131729,
    8.906649232072157,
    8.99300958133748,
    9.047047763805509,
    9.50216294344187,
    9.695742379747895,
    8.84106690121048,
    8.319644405300382,
    7.976836562810509,
    7.988906992811926,
    7.914332616549194,
    7.834941285028926,
    7.543152316372607,
    7.040662892317321,
    6.7990536540190805,
    6.777272627811856,
    6.676459155616363,
    6.940751151605217,
    6.950017264557136,
    6.738841104821159,
    6.2865374721820775,
    6.289844406794393,
    5.81120394063031,
    5.412328876463178,
    5.225779377857804,
    4.988920287515245,
    4.997641274502138,
    4.841175921952318,
    4.584085453014411,
    4.615704606169763,
    4.390492651951333,
    4.165532830189561,
    4.058025983196768,
    4.047405228047171,
    3.6593653695566695,
    3.3704147535762616,
    3.300077898809629,
    3.0350812831447453,
    2.96165071906906,
    2.9007760573433847,
    2.7670669220314124,
    2.7145023491985016,
    2.5034166490710144,
    2.3848250699181692,
    2.1861735427511793,
    2.0350321806211915,
    1.9438172478054347,
    1.827785264221749,
    1.773266489695192,
    1.7547596691281182,
    1.559728602692677,
    1.518477916926816,
    1.3951524588433097,
    1.2594878576629382,
    1.1881899218026857,
    1.0857066627434324,
    1.0494916982150915,
    1.03756162572009,
    0.967920203025386,
    0.8920251497106159,
    0.8122815873893395,
    0.7754501459658343,
    0.7308037575599706
  ],
  "r": [
    0.05,
    0.15000000000000002,
    0.25,
    0.35000000000000003,
    0.45,
    0.55,
    0.6500000000000001,
    0.75,
    0.8500000000000001,
    0.95,
    1.05,
    1.1500000000000001,
    1.25,
    1.35,
    1.4500000000000002,
    1.55,
    1.6500000000000001,
    1.75,
    1.85,
    1.9500000000000002,
    2.05,
    2.1500000000000004,
    2.25,
    2.3500000000000005,
    2.45,
    2.55,
    2.6500000000000004,
    2.75,
    2.8500000000000005,
    2.95,
    3.05,
    3.1500000000000004,
    3.25,
    3.3500000000000005,
    3.45,
    3.55,
    3.6500000000000004,
    3.75,
    3.8500000000000005,
    3.95,
    4.050000000000001,
    4.15,
    4.25,
    4.35,
    4.45,
    4.550000000000001,
    4.65,
    4.75,
    4.8500000000000005,
    4.95,
    5.050000000000001,
    5.15,
    5.25,
    5.3500000000000005,
    5.45,
    5.550000000000001,
    5.65,
    5.75,
    5.8500000000000005,
    5.95,
    6.050000000000001,
    6.15,
    6.25,
    6.3500000000000005,
    6.45,
    6.550000000000001,
    6.65,
    6.75,
    6.8500000000000005,
    6.95,
    7.050000000000001,
    7.15,
    7.25,
    7.3500000000000005,
    7.45,
    7.550000000000001,
    7.65,
    7.75,
    7.8500000000000005,
    7.95
  ]
}