{
  "tau_ps": 0.27932987342487636,
  "threshold": 0.3678794412
}