{
  "q=1": [
    1.0,
    0.9964037071378816,
    0.9863116301086668,
    0.9705545922202392,
    0.9501236550521127,
    0.9259523437037183,
    0.8989309225202508,
    0.8699203993714274,
    0.8397471942817855,
    0.8089665956843304,
    0.7780198128633793,
    0.7471673817906312,
    0.7166984206767654,
    0.686800304475833,
    0.6576371929266377,
    0.6292038019745646,
    0.6016116679756776,
    0.5749415351063607,
    0.5493418556791594,
    0.5250013149423014,
    0.5020861186914498,
    0.48065351635593057,
    0.4606252720082714,
    0.44199942406515835,
    0.42467334478293445,
    0.4087200005873857,
    0.39393738246243165,
    0.38008518152781845,
    0.3670027528902829,
    0.3544564058586431,
    0.3423212458191925
  ],
  "q=2.5": [
    1.0,
    0.9779207765230024,
    0.9199558578205321,
    0.8398634355170915,
    0.7514318986766311,
    0.6640314074760308,
    0.5824154294133355,
    0.5079844876727875,
    0.44086878249044975,
    0.38079697926669026,
    0.3276862241228151,
    0.28104203598989663,
    0.24019010393418114,
    0.20477126426332434,
    0.1745485577166554,
    0.1494161102947516,
    0.12868436922933696,
    0.11151905083362759,
    0.09676824502253285,
    0.083271490765479,
    0.06992196190124282,
    0.056228524429757266,
    0.041828497124009684,
    0.02712277437020665,
    0.01271259556730399,
    -0.000550347437403847,
    -0.01253970587755729,
    -0.02298903872910064,
    -0.031473622217868466,
    -0.037076717646710465,
    -0.039625996922313236
  ]
}