{
  "pearson_r": 0.16988049676549583,
  "spearman_r": 0.2635531135531135
}