{
  "lag": [
    0,
    1,
    2,
    3,
    4,
    5,
    6,
    7,
    8,
    9,
    10,
    11,
    12,
    13,
    14,
    15,
    16,
    17,
    18,
    19,
    20,
    21,
    22,
    23,
    24,
    25,
    26,
    27,
    28,
    29,
    30
  ],
  "value": [
    1.0,
    0.9751034099947683,
    0.9488433756107133,
    0.9233504818472944,
    0.8983607276324076,
    0.8731226101989423,
    0.8455770353767582,
    0.8165240819325648,
    0.7850377266412769,
    0.752716809373754,
    0.7193830738770313,
    0.6828167680834062,
    0.6454124162771208,
    0.6056110575534807,
    0.5616494322842778,
    0.5160481357220832,
    0.4685676062524239,
    0.41985532751278054,
    0.3705891506997391,
    0.32087685709885144,
    0.2729937523093942,
    0.2272865649399806,
    0.18241422565839926,
    0.13737804569995582,
    0.09276554066501133,
    0.04841354553799682,
    7.862762479642489e-05,
    -0.05013542397736311,
    -0.09957995294165348,
    -0.14825755899616105,
    -0.19518282160707476
  ]
}