{
  "lag": [
    0,
    1,
    2,
    3,
    4,
    5,
    6,
    7,
    8,
    9,
    10,
    11,
    12,
    13,
    14,
    15,
    16,
    17,
    18,
    19,
    20,
    21,
    22,
    23,
    24,
    25,
    26,
    27,
    28,
    29,
    30
  ],
  "value": [
    1.0,
    0.8794954024378059,
    0.770557141253648,
    0.6704704354145317,
    0.5765129206426093,
    0.49151114301564597,
    0.4150896198896643,
    0.343435257840451,
    0.27594637396925215,
    0.21515495535045243,
    0.16345474796910062,
    0.11197625134492606,
    0.07326779787653441,
    0.03974525172861113,
    0.01109648208188724,
    -0.013432878407459504,
    -0.04025767356860838,
    -0.0639870383473034,
    -0.08438714005875772,
    -0.10231468481405655,
    -0.11606905094318477,
    -0.12989280949490545,
    -0.14500657273247763,
    -0.15408145448051147,
    -0.16158416612063783,
    -0.1679066025223973,
    -0.17354112491887833,
    -0.17718048335588527,
    -0.18434791005756185,
    -0.1858648346741534,
    -0.18438410875726702
  ]
}